,P0,P1,P2,AB,ABa,HorL
Emb0,14_ACCGCCAACC,8_CGAACGCCGG,21_GCTAACTTGC,21_AACCTGCGTA,5_ACCGCCAACC,H
Emb1,17_TGGCCTGAAG,15_GGTATGCTTG,13_GCTAACTTGC,11_GGTATGCTTG,10_GCTAACTTGC,H
Emb5,16_ACCGCCAACC,18_TCCGGCCTCG,11_TCCGGCCTCG,16_CGAACGCCGG,19_CCGATTCCTG,H
Emb8,11_TGGCCTGAAG,17_GGTATGCTTG,14_GCTAACTTGC,8_ACCGCCAACC,13_CATACTCCGA,H
Emb9,20_TGGCCTGAAG,20_GGTATGCTTG,12_CCGATTCCTG,9_CGAACGCCGG,9_CATACTCCGA,H
Emb10,21_TGGCCTGAAG,16_GGTATGCTTG,17_GGCTGAGCTC,13_CGAACGCCGG,6_GGTATGCTTG,H
Emb11,7_CATACTCCGA,5_AACCTGCGTA,10_AACCTGCGTA,14_AACCTGCGTA,19_GGCTGAGCTC,H
Emb13,15_TCCGGCCTCG,21_TCCGGCCTCG,14_GGCTGAGCTC,13_TGGCCTGAAG,13_GGCTGAGCTC,H
Emb15,15_TGGCCTGAAG,19_GGTATGCTTG,10_GGTATGCTTG,11_AACCTGCGTA,9_TCCGGCCTCG,H
Emb17,5_GCTAACTTGC,20_TCCGGCCTCG,20_CCGATTCCTG,14_CGAACGCCGG,14_CCGATTCCTG,H
Emb20,21_ACCGCCAACC,12_TCCGGCCTCG,18_GCTAACTTGC,7_GCTAACTTGC,11_CCGATTCCTG,H
Emb2,12_TGGCCTGAAG,17_TCCGGCCTCG,13_CCGATTCCTG,11_CATACTCCGA,15_CATACTCCGA,L
Emb3,15_ACCGCCAACC,11_GCTAACTTGC,18_CCGATTCCTG,19_AACCTGCGTA,19_CATACTCCGA,L
Emb4,17_ACCGCCAACC,16_TCCGGCCTCG,10_GGCTGAGCTC,20_AACCTGCGTA,20_CATACTCCGA,L
Emb6,12_GCTAACTTGC,18_GGTATGCTTG,5_TGGCCTGAAG,19_CGAACGCCGG,16_GGCTGAGCTC,L
Emb7,18_ACCGCCAACC,7_ACCGCCAACC,15_GCTAACTTGC,13_AACCTGCGTA,17_CATACTCCGA,L
Emb12,14_TCCGGCCTCG,10_CATACTCCGA,21_CATACTCCGA,20_CGAACGCCGG,13_TCCGGCCTCG,L
Emb14,13_GGTATGCTTG,12_GGTATGCTTG,12_GGCTGAGCTC,21_CGAACGCCGG,18_GGCTGAGCTC,L
Emb16,16_TGGCCTGAAG,9_CCGATTCCTG,6_AACCTGCGTA,17_AACCTGCGTA,16_CATACTCCGA,L
Emb18,14_GGTATGCTTG,12_AACCTGCGTA,19_GCTAACTTGC,15_AACCTGCGTA,20_GGCTGAGCTC,L
Emb19,18_TGGCCTGAAG,21_GGTATGCTTG,17_CCGATTCCTG,17_CGAACGCCGG,18_CATACTCCGA,L
Emb21,19_ACCGCCAACC,12_CATACTCCGA,17_GCTAACTTGC,18_AACCTGCGTA,21_GGCTGAGCTC,L
Emb22,13_ACCGCCAACC,5_GGTATGCTTG,7_AACCTGCGTA,15_CGAACGCCGG,14_CATACTCCGA,L
