,group,lib.size,norm.factors
Hi006_007_B_GCTAACTTGC,Hi010_012_B_ACCGCCAACC,1184,2.6434469
Hi006_007_B_GGAGGTTCTA,Hi010_012_B_CGAACGCCGG,8280,1.0452758
Hi010_012_B_ACCGCCAACC,Hi010_012_B_GGAGGTTCTA,16841,0.8061022
Hi010_012_B_CCTGGAAGAG,Mi018_6_CGAACGCCGG,20171,0.9457048
Hi010_012_B_CGAACGCCGG,Mi018_5_TGGCCTGAAG,6027,1.5707026
Hi010_012_B_GAAGAGGCAT,Mi018_5_GGCTGAGCTC,23566,0.72925
Hi010_012_B_GGAGGTTCTA,Mi018_7_CATACTCCGA,92381,0.5842933
Hi010_012_G_ACCGCCAACC,Mi018_4_GGCTGAGCTC,14126,1.0525225
Hi010_012_H_GCTAACTTGC,Hi010_012_L_GAAGAGGCAT,1173,2.4171627
Hi010_012_H_GGTATGCTTG,Hi010_012_M_TGGCCTGAAG,4938,1.396768
Hi010_012_H_TCCGGCCTCG,Hi010_012_L_CATACTCCGA,16029,0.8776417
Hi010_012_I_CCTGGAAGAG,Mi019_5_CATACTCCGA,27206,0.784709
Hi010_012_J_AACCTGCGTA,Hi010_012_J_TCCGGCCTCG,47079,0.7292065
Hi010_012_J_ACCGCCAACC,Hi010_012_J_ACCGCCAACC,19053,0.6859117
Hi010_012_J_CATACTCCGA,Hi010_012_J_AACCTGCGTA,186908,0.5542606
Hi010_012_J_CCGATTCCTG,Hi010_012_N_CATACTCCGA,15978,0.6887919
Hi010_012_J_TCCGGCCTCG,Hi010_012_L_TCCGGCCTCG,2621,2.266237
Hi010_012_J_TGGCCTGAAG,Mi018_4_CATACTCCGA,14445,0.8940132
Hi010_012_K_AACCTGCGTA,Hi006_007_B_GGAGGTTCTA,110951,0.5764581
Hi010_012_K_ACGCGAGATT,Hi006_007_B_GCTAACTTGC,7870,1.4668058
Hi010_012_K_GGCAGACGCC,Hi010_012_H_GCTAACTTGC,10837,1.3914908
Hi010_012_K_GGTATGCTTG,Mi018_6_TGGCCTGAAG,12834,0.9159919
Hi010_012_K_TAGCCGTCAT,Mi018_7_TCCGGCCTCG,1983,2.2046214
Hi010_012_L_CATACTCCGA,Hi010_012_H_GGTATGCTTG,10298,0.9960289
Hi010_012_L_CCGATTCCTG,Hi010_012_J_TGGCCTGAAG,11254,1.3840365
Hi010_012_L_GAAGAGGCAT,Hi010_012_J_CCGATTCCTG,5234,1.165446
Hi010_012_L_GGCTGAGCTC,Hi010_012_M_TAGCCGTCAT,101493,0.5631511
Hi010_012_L_TCCGGCCTCG,Hi010_012_M_CGAACGCCGG,85225,0.8011314
Hi010_012_M_ACCGCCAACC,Hi010_012_I_CCTGGAAGAG,1144,2.7429488
Hi010_012_M_CGAACGCCGG,Hi010_012_B_GAAGAGGCAT,12730,0.788617
Hi010_012_M_GAAGAGGCAT,Hi010_012_B_CCTGGAAGAG,25042,0.6779951
Hi010_012_M_GGTATGCTTG,Hi010_012_N_AACCTGCGTA,15244,0.8327116
Hi010_012_M_TAGCCGTCAT,Hi010_012_G_ACCGCCAACC,6220,1.3504824
Hi010_012_M_TGGCCTGAAG,Mi018_4_TCCGGCCTCG,10386,0.8872674
Hi010_012_N_AACCTGCGTA,Hi010_012_N_GGTATGCTTG,52856,0.603506
Hi010_012_N_ACGCGAGATT,Hi010_012_K_AACCTGCGTA,3933,1.138391
Hi010_012_N_CATACTCCGA,Hi010_012_J_CATACTCCGA,9285,1.0933944
Hi010_012_N_CCGATTCCTG,Hi010_012_K_GGCAGACGCC,11856,0.9287661
Hi010_012_N_GGCTGAGCTC,Hi010_012_K_GGTATGCTTG,64999,0.6335794
Hi010_012_N_GGTATCCGCC,Hi010_012_K_ACGCGAGATT,5399,1.1166165
Hi010_012_N_GGTATGCTTG,Hi010_012_N_GGCTGAGCTC,2692,1.7495695
Hi010_012_N_TCCGGCCTCG,Hi010_012_N_CCGATTCCTG,11700,0.8715276
Mi018_1_CATACTCCGA,Hi010_012_N_GGTATCCGCC,5328,1.7851805
Mi018_4_CATACTCCGA,Hi010_012_N_ACGCGAGATT,60807,0.7425341
Mi018_4_GCTAACTTGC,Hi010_012_M_GGTATGCTTG,13753,0.5688101
Mi018_4_GGCTGAGCTC,Hi010_012_M_ACCGCCAACC,28496,0.7600437
Mi018_4_TCCGGCCTCG,Hi010_012_N_TCCGGCCTCG,6209,1.0951193
Mi018_5_CATACTCCGA,Hi010_012_H_TCCGGCCTCG,7491,1.1751332
Mi018_5_CCGATTCCTG,Hi010_012_K_TAGCCGTCAT,16518,0.8053506
Mi018_5_GCTAACTTGC,Hi010_012_L_CCGATTCCTG,31649,0.6428168
Mi018_5_GGCTGAGCTC,Mi018_1_CATACTCCGA,2060,3.2882524
Mi018_5_TCCGGCCTCG,Mi018_4_GCTAACTTGC,1152,3.2542569
Mi018_5_TGGCCTGAAG,Hi010_012_L_GGCTGAGCTC,41284,0.8629826
Mi018_6_CGAACGCCGG,Mi019_4_TCCGGCCTCG,46898,0.7434721
Mi018_6_TGGCCTGAAG,Hi010_012_M_GAAGAGGCAT,88486,0.5412117
Mi018_7_CATACTCCGA,Mi019_4_CATACTCCGA,27206,0.784709
Mi018_7_TCCGGCCTCG,Mi018_5_CCGATTCCTG,15111,0.7646476
Mi019_4_CATACTCCGA,Mi018_5_GCTAACTTGC,35856,0.6941307
Mi019_4_TCCGGCCTCG,Mi018_5_TCCGGCCTCG,37699,0.6344013
Hi010_012_L_GCTAACTTGC,Mi018_5_CATACTCCGA,5448,1.0537408
